subject_id, task_round, task_class, task_index, mouse_distance, mouse_click, keyboard_press, success, start_time, end_time, duration, prompt
12,1,0,0,0,0,8,1,1678557612.1411042,1678557620.428246,8.287141799926758,test1
12,1,0,1,0,0,8,1,1678557621.410665,1678557627.559087,6.148422002792358,test2
12,1,0,2,0,0,8,1,1678557628.197124,1678557633.556695,5.3595709800720215,test3
12,1,0,3,3605.7151514062853,4,17,1,1678557634.084279,1678557652.812059,18.727779865264893,test5
12,1,0,4,0,0,8,1,1678557653.464019,1678557659.009919,5.545899868011475,test6
12,1,0,5,2927.8167638057134,1,8,1,1678557660.116386,1678557668.2736351,8.157249212265015,test7
